<?xml version="1.0" encoding="UTF-8"?>
<!--
 This is a WordPress eXtended RSS file generated by WordPress as an export of your site.
 It contains information about your site's posts, pages, comments, categories, and other content.
 You may use this file to transfer that content from one site to another.
 This file is not intended to serve as a complete backup of your site.

 To import this information into a WordPress site follow these steps:
 1. Log in to that site as an administrator.
 2. Go to Tools: Import in the WordPress admin panel.
 3. Install the "WordPress" importer from the list.
 4. Activate & Run Importer.
 5. Upload this file using the form provided on that page.
 6. You will first be asked to map the authors in this export file to users
    on the site. For each author, you may choose to map to an
    existing user on the site or to create a new user.
 7. WordPress will then import each of the posts, pages, comments, categories, etc.
    contained in this file into your site.
-->
<!-- generator="WordPress.com" created="2025-02-13 13:32"-->
<rss version="2.0" xmlns:excerpt="http://wordpress.org/export/1.2/excerpt/" xmlns:content="http://purl.org/rss/1.0/modules/content/" xmlns:wfw="http://wellformedweb.org/CommentAPI/" xmlns:dc="http://purl.org/dc/elements/1.1/" xmlns:wp="http://wordpress.org/export/1.2/">
  <channel>
<title>Carlos Braga</title>
<link>https://carlosbragaalberto.wordpress.com</link>
<description/>
<pubDate>Thu, 13 Feb 2025 13:32:52 +0000</pubDate>
<language>en</language>
<wp:wxr_version>1.2</wp:wxr_version>
<wp:base_site_url>http://wordpress.com/</wp:base_site_url>
<wp:base_blog_url>https://carlosbragaalberto.wordpress.com</wp:base_blog_url>
<wp:author>
  <wp:author_id>261362721</wp:author_id>
  <wp:author_login>carlosalberto1777979</wp:author_login>
  <wp:author_email>carlosalberto1777979@gmail.com</wp:author_email>
  <wp:author_display_name><![CDATA[carlosalberto]]></wp:author_display_name>
  <wp:author_first_name><![CDATA[carlosalberto]]></wp:author_first_name>
  <wp:author_last_name><![CDATA[]]></wp:author_last_name>
</wp:author>
<wp:category>
  <wp:term_id>1</wp:term_id>
  <wp:category_nicename>uncategorized</wp:category_nicename>
  <wp:category_parent/>
  <wp:cat_name><![CDATA[Uncategorized]]></wp:cat_name>
</wp:category>
<generator>http://wordpress.com/</generator>
<image>
		<url>http://s0.wp.com/i/buttonw-com.png</url>
		<title>Carlos Braga</title>
		<link>https://carlosbragaalberto.wordpress.com</link>
	</image>
	<item>
  <title><![CDATA[Sobre mi]]></title>
  <link>https://carlosbragaalberto.wordpress.com/about/</link>
  <pubDate>Tue, 28 Jan 2025 17:02:39 +0000</pubDate>
  <dc:creator>carlosalberto1777979</dc:creator>
  <guid isPermaLink="false">http://carlosbragaalberto.wordpress.com/?page_id=1</guid>
  <description/>
  <content:encoded><![CDATA[<!-- wp:media-text {"mediaId":33,"mediaLink":"https://carlosbragaalberto.wordpress.com/about/carlos-braga-3/","mediaType":"image"} -->
<div class="wp-block-media-text is-stacked-on-mobile"><figure class="wp-block-media-text__media"><img src="https://carlosbragaalberto.wordpress.com/wp-content/uploads/2025/02/carlos-braga-2.jpeg?w=284" alt="" class="wp-image-33 size-full" /></figure><div class="wp-block-media-text__content"><!-- wp:paragraph {"placeholder":"Content…"} -->
<p>Soy estudiantes apasionado por el marketing y publicidad<br>con solidos conocimientos en estrategias digitales , analisis<br>de mercado y creacion de contenido creativos. Me<br>destacopor mi capacidad para trabajar en equipo ,resolver<br>problemas y comunicar ideas de manera efectiva.</p>
<!-- /wp:paragraph --></div></div>
<!-- /wp:media-text -->

<!-- wp:columns -->
<div class="wp-block-columns"><!-- wp:column -->
<div class="wp-block-column"><!-- wp:details -->
<details class="wp-block-details"><summary>Educacion</summary><!-- wp:paragraph {"placeholder":"Type / to add a hidden block"} -->
<p><strong>Unidad Educativa Particular Pitagoras</strong></p>
<!-- /wp:paragraph -->

<!-- wp:paragraph -->
<p>Bachiller en ciencias<br>Escolta de la ciudad-julio 2020</p>
<!-- /wp:paragraph -->

<!-- wp:paragraph -->
<p><strong>Tecnologico Universitario Cordillera</strong></p>
<!-- /wp:paragraph -->

<!-- wp:paragraph -->
<p>Marketing y comercio electronico-Actual</p>
<!-- /wp:paragraph --></details>
<!-- /wp:details --></div>
<!-- /wp:column -->

<!-- wp:column -->
<div class="wp-block-column"><!-- wp:details -->
<details class="wp-block-details"><summary>Experiencia Laboral</summary><!-- wp:paragraph {"placeholder":"Type / to add a hidden block"} -->
<p><strong>RM-ETAFASHION 2020-2022</strong></p>
<!-- /wp:paragraph -->

<!-- wp:paragraph -->
<p>Asesor en ventas</p>
<!-- /wp:paragraph -->

<!-- wp:paragraph -->
<p><strong>Inmed- 2023</strong></p>
<!-- /wp:paragraph -->

<!-- wp:paragraph -->
<p>Marketero</p>
<!-- /wp:paragraph -->

<!-- wp:paragraph -->
<p><br><strong>STARBUCKS-actual</strong></p>
<!-- /wp:paragraph -->

<!-- wp:paragraph -->
<p>Barista profesional</p>
<!-- /wp:paragraph --></details>
<!-- /wp:details --></div>
<!-- /wp:column -->

<!-- wp:column -->
<div class="wp-block-column"><!-- wp:details -->
<details class="wp-block-details"><summary>Contacto</summary><!-- wp:paragraph {"placeholder":"Type / to add a hidden block"} -->
<p>Carlosbotero2002@gmail.com<br></p>
<!-- /wp:paragraph -->

<!-- wp:paragraph {"placeholder":"Type / to add a hidden block"} -->
<p>+593 989976768</p>
<!-- /wp:paragraph -->

<!-- wp:paragraph {"placeholder":"Type / to add a hidden block"} -->
<p>github.com/carlosbraga1943</p>
<!-- /wp:paragraph --></details>
<!-- /wp:details --></div>
<!-- /wp:column --></div>
<!-- /wp:columns -->

<!-- wp:paragraph -->
<p></p>
<!-- /wp:paragraph -->]]></content:encoded>
  <excerpt:encoded><![CDATA[]]></excerpt:encoded>
  <wp:post_id>1</wp:post_id>
  <wp:post_date>2025-01-28 17:02:39</wp:post_date>
  <wp:post_date_gmt>2025-01-28 17:02:39</wp:post_date_gmt>
  <wp:post_modified>2025-02-10 09:49:09</wp:post_modified>
  <wp:post_modified_gmt>2025-02-10 14:49:09</wp:post_modified_gmt>
  <wp:comment_status>closed</wp:comment_status>
  <wp:ping_status>open</wp:ping_status>
  <wp:post_name>about</wp:post_name>
  <wp:status>publish</wp:status>
  <wp:post_parent>0</wp:post_parent>
  <wp:menu_order>0</wp:menu_order>
  <wp:post_type>page</wp:post_type>
  <wp:post_password/>
  <wp:is_sticky>0</wp:is_sticky>
  <wp:postmeta>
    <wp:meta_key>_wp_page_template</wp:meta_key>
    <wp:meta_value><![CDATA[default]]></wp:meta_value>
  </wp:postmeta>
  <wp:postmeta>
    <wp:meta_key>_elasticsearch_data_sharing_indexed_on</wp:meta_key>
    <wp:meta_value><![CDATA[2025-01-28 17:02:45]]></wp:meta_value>
  </wp:postmeta>
  <wp:postmeta>
    <wp:meta_key>_g_feedback_shortcode_87911d1aed509877b83a48ec536f768cdcd22df1</wp:meta_key>
    <wp:meta_value><![CDATA[
				[contact-field label="Name" type="name"  required="true" /]
				[contact-field label="Email" type="email" required="true" /]
				[contact-field label="Website" type="url" /]
				[contact-field label="Message" type="textarea" /]]]></wp:meta_value>
  </wp:postmeta>
  <wp:postmeta>
    <wp:meta_key>_g_feedback_shortcode_atts_87911d1aed509877b83a48ec536f768cdcd22df1</wp:meta_key>
    <wp:meta_value><![CDATA[a:17:{s:2:"to";s:30:"carlosalberto1777979@gmail.com";s:7:"subject";s:23:"[Carlos Braga] Sobre mi";s:12:"show_subject";s:2:"no";s:6:"widget";i:0;s:14:"block_template";N;s:19:"block_template_part";N;s:2:"id";i:1;s:18:"submit_button_text";s:6:"Submit";s:14:"customThankyou";s:0:"";s:21:"customThankyouHeading";s:26:"Your message has been sent";s:21:"customThankyouMessage";s:30:"Thank you for your submission!";s:22:"customThankyouRedirect";s:0:"";s:10:"jetpackCRM";b:1;s:9:"className";N;s:9:"postToUrl";N;s:14:"salesforceData";N;s:12:"hiddenFields";N;}]]></wp:meta_value>
  </wp:postmeta>
  <wp:postmeta>
    <wp:meta_key>_last_editor_used_jetpack</wp:meta_key>
    <wp:meta_value><![CDATA[block-editor]]></wp:meta_value>
  </wp:postmeta>
</item>
<item>
  <title><![CDATA[Beyond the Obstacle]]></title>
  <link>https://carlosbragaalberto.wordpress.com/2025/01/28/beyond-the-obstacle/</link>
  <pubDate>Tue, 28 Jan 2025 16:58:02 +0000</pubDate>
  <dc:creator>carlosalberto1777979</dc:creator>
  <guid isPermaLink="false">https://carlosbragaalberto.wordpress.com/2025/01/28/beyond-the-obstacle/</guid>
  <description/>
  <content:encoded><![CDATA[<!-- wp:paragraph -->
<p>Welcome to WordPress! This is a sample post. Edit or delete it to take the first step in your blogging journey. To add more content here, click the small plus icon at the top left corner. There, you will find an existing selection of WordPress blocks and patterns, something to suit your every need for content creation. And don’t forget to check out the List View: click the icon a few spots to the right of the plus icon and you’ll get a tidy, easy-to-view list of the blocks and patterns in your post.</p>
<!-- /wp:paragraph -->]]></content:encoded>
  <excerpt:encoded><![CDATA[Challenges in business are a given, but it’s our response to them that defines our trajectory. Looking beyond the immediate obstacle, there lies a realm of opportunity and learning.]]></excerpt:encoded>
  <wp:post_id>6</wp:post_id>
  <wp:post_date>2025-01-28 11:58:02</wp:post_date>
  <wp:post_date_gmt>2025-01-28 16:58:02</wp:post_date_gmt>
  <wp:post_modified>2025-01-28 11:58:02</wp:post_modified>
  <wp:post_modified_gmt>2025-01-28 16:58:02</wp:post_modified_gmt>
  <wp:comment_status>closed</wp:comment_status>
  <wp:ping_status>closed</wp:ping_status>
  <wp:post_name>beyond-the-obstacle</wp:post_name>
  <wp:status>publish</wp:status>
  <wp:post_parent>0</wp:post_parent>
  <wp:menu_order>0</wp:menu_order>
  <wp:post_type>post</wp:post_type>
  <wp:post_password/>
  <wp:is_sticky>0</wp:is_sticky>
  <category domain="category" nicename="uncategorized"><![CDATA[Uncategorized]]></category>
  <wp:postmeta>
    <wp:meta_key>_headstart_post</wp:meta_key>
    <wp:meta_value><![CDATA[_hs_extra]]></wp:meta_value>
  </wp:postmeta>
  <wp:postmeta>
    <wp:meta_key>sharing_disabled</wp:meta_key>
    <wp:meta_value><![CDATA[a:1:{i:0;N;}]]></wp:meta_value>
  </wp:postmeta>
  <wp:postmeta>
    <wp:meta_key>switch_like_status</wp:meta_key>
    <wp:meta_value><![CDATA[a:1:{i:0;N;}]]></wp:meta_value>
  </wp:postmeta>
  <wp:postmeta>
    <wp:meta_key>_starter_page_template</wp:meta_key>
    <wp:meta_value><![CDATA[]]></wp:meta_value>
  </wp:postmeta>
  <wp:postmeta>
    <wp:meta_key>_hs_old_id</wp:meta_key>
    <wp:meta_value><![CDATA[]]></wp:meta_value>
  </wp:postmeta>
  <wp:postmeta>
    <wp:meta_key>_wpas_skip_all_services</wp:meta_key>
    <wp:meta_value><![CDATA[1]]></wp:meta_value>
  </wp:postmeta>
  <wp:postmeta>
    <wp:meta_key>_publicize_pending</wp:meta_key>
    <wp:meta_value><![CDATA[1]]></wp:meta_value>
  </wp:postmeta>
  <wp:postmeta>
    <wp:meta_key>_elasticsearch_data_sharing_indexed_on</wp:meta_key>
    <wp:meta_value><![CDATA[2025-01-28 17:03:08]]></wp:meta_value>
  </wp:postmeta>
</item>
<item>
  <title><![CDATA[Custom Styles]]></title>
  <link>https://carlosbragaalberto.wordpress.com/2025/01/28/wp-global-styles-pub%2ftwentytwentyfive/</link>
  <pubDate>Tue, 28 Jan 2025 17:02:46 +0000</pubDate>
  <dc:creator>carlosalberto1777979</dc:creator>
  <guid isPermaLink="false">https://carlosbragaalberto.wordpress.com/2025/01/28/wp-global-styles-pub%2ftwentytwentyfive/</guid>
  <description/>
  <content:encoded><![CDATA[{"version":3,"isGlobalStylesUserThemeJSON":true}]]></content:encoded>
  <excerpt:encoded><![CDATA[]]></excerpt:encoded>
  <wp:post_id>3</wp:post_id>
  <wp:post_date>2025-01-28 12:02:46</wp:post_date>
  <wp:post_date_gmt>2025-01-28 17:02:46</wp:post_date_gmt>
  <wp:post_modified>2025-01-28 12:02:46</wp:post_modified>
  <wp:post_modified_gmt>2025-01-28 17:02:46</wp:post_modified_gmt>
  <wp:comment_status>closed</wp:comment_status>
  <wp:ping_status>closed</wp:ping_status>
  <wp:post_name>wp-global-styles-pub%2ftwentytwentyfive</wp:post_name>
  <wp:status>publish</wp:status>
  <wp:post_parent>0</wp:post_parent>
  <wp:menu_order>0</wp:menu_order>
  <wp:post_type>wp_global_styles</wp:post_type>
  <wp:post_password/>
  <wp:is_sticky>0</wp:is_sticky>
  <category domain="wp_theme" nicename="twentytwentyfive"><![CDATA[twentytwentyfive]]></category>
  <wp:postmeta>
    <wp:meta_key>_publicize_pending</wp:meta_key>
    <wp:meta_value><![CDATA[1]]></wp:meta_value>
  </wp:postmeta>
</item>
<item>
  <title><![CDATA[Custom Styles]]></title>
  <link>https://carlosbragaalberto.wordpress.com/2025/01/28/wp-global-styles-pub%2fsnd/</link>
  <pubDate>Tue, 28 Jan 2025 17:03:00 +0000</pubDate>
  <dc:creator>carlosalberto1777979</dc:creator>
  <guid isPermaLink="false">https://carlosbragaalberto.wordpress.com/2025/01/28/wp-global-styles-pub%2fsnd/</guid>
  <description/>
  <content:encoded><![CDATA[{"version":3,"isGlobalStylesUserThemeJSON":true}]]></content:encoded>
  <excerpt:encoded><![CDATA[]]></excerpt:encoded>
  <wp:post_id>4</wp:post_id>
  <wp:post_date>2025-01-28 12:03:00</wp:post_date>
  <wp:post_date_gmt>2025-01-28 17:03:00</wp:post_date_gmt>
  <wp:post_modified>2025-01-28 12:03:00</wp:post_modified>
  <wp:post_modified_gmt>2025-01-28 17:03:00</wp:post_modified_gmt>
  <wp:comment_status>closed</wp:comment_status>
  <wp:ping_status>closed</wp:ping_status>
  <wp:post_name>wp-global-styles-pub%2fsnd</wp:post_name>
  <wp:status>publish</wp:status>
  <wp:post_parent>0</wp:post_parent>
  <wp:menu_order>0</wp:menu_order>
  <wp:post_type>wp_global_styles</wp:post_type>
  <wp:post_password/>
  <wp:is_sticky>0</wp:is_sticky>
  <category domain="wp_theme" nicename="snd"><![CDATA[snd]]></category>
  <wp:postmeta>
    <wp:meta_key>_publicize_pending</wp:meta_key>
    <wp:meta_value><![CDATA[1]]></wp:meta_value>
  </wp:postmeta>
</item>
<item>
  <title><![CDATA[The Art of Connection]]></title>
  <link>https://carlosbragaalberto.wordpress.com/2025/01/28/the-art-of-connection/</link>
  <pubDate>Tue, 28 Jan 2025 16:58:03 +0000</pubDate>
  <dc:creator>carlosalberto1777979</dc:creator>
  <guid isPermaLink="false">https://carlosbragaalberto.wordpress.com/2025/01/28/the-art-of-connection/</guid>
  <description/>
  <content:encoded><![CDATA[<!-- wp:paragraph -->
<p>Welcome to WordPress! This is a sample post. Edit or delete it to take the first step in your blogging journey. To add more content here, click the small plus icon at the top left corner. There, you will find an existing selection of WordPress blocks and patterns, something to suit your every need for content creation. And don’t forget to check out the List View: click the icon a few spots to the right of the plus icon and you’ll get a tidy, easy-to-view list of the blocks and patterns in your post.</p>
<!-- /wp:paragraph -->]]></content:encoded>
  <excerpt:encoded><![CDATA[In the ever-evolving world, the art of forging genuine connections remains timeless. Whether it’s with colleagues, clients, or partners, establishing a genuine rapport paves the way for collaborative success.]]></excerpt:encoded>
  <wp:post_id>5</wp:post_id>
  <wp:post_date>2025-01-28 11:58:03</wp:post_date>
  <wp:post_date_gmt>2025-01-28 16:58:03</wp:post_date_gmt>
  <wp:post_modified>2025-01-28 11:58:03</wp:post_modified>
  <wp:post_modified_gmt>2025-01-28 16:58:03</wp:post_modified_gmt>
  <wp:comment_status>closed</wp:comment_status>
  <wp:ping_status>closed</wp:ping_status>
  <wp:post_name>the-art-of-connection</wp:post_name>
  <wp:status>publish</wp:status>
  <wp:post_parent>0</wp:post_parent>
  <wp:menu_order>0</wp:menu_order>
  <wp:post_type>post</wp:post_type>
  <wp:post_password/>
  <wp:is_sticky>0</wp:is_sticky>
  <category domain="category" nicename="uncategorized"><![CDATA[Uncategorized]]></category>
  <wp:postmeta>
    <wp:meta_key>_wpas_skip_all_services</wp:meta_key>
    <wp:meta_value><![CDATA[1]]></wp:meta_value>
  </wp:postmeta>
  <wp:postmeta>
    <wp:meta_key>_hs_old_id</wp:meta_key>
    <wp:meta_value><![CDATA[]]></wp:meta_value>
  </wp:postmeta>
  <wp:postmeta>
    <wp:meta_key>_starter_page_template</wp:meta_key>
    <wp:meta_value><![CDATA[]]></wp:meta_value>
  </wp:postmeta>
  <wp:postmeta>
    <wp:meta_key>switch_like_status</wp:meta_key>
    <wp:meta_value><![CDATA[a:1:{i:0;N;}]]></wp:meta_value>
  </wp:postmeta>
  <wp:postmeta>
    <wp:meta_key>sharing_disabled</wp:meta_key>
    <wp:meta_value><![CDATA[a:1:{i:0;N;}]]></wp:meta_value>
  </wp:postmeta>
  <wp:postmeta>
    <wp:meta_key>_headstart_post</wp:meta_key>
    <wp:meta_value><![CDATA[_hs_extra]]></wp:meta_value>
  </wp:postmeta>
  <wp:postmeta>
    <wp:meta_key>_publicize_pending</wp:meta_key>
    <wp:meta_value><![CDATA[1]]></wp:meta_value>
  </wp:postmeta>
  <wp:postmeta>
    <wp:meta_key>_elasticsearch_data_sharing_indexed_on</wp:meta_key>
    <wp:meta_value><![CDATA[2025-01-28 17:03:08]]></wp:meta_value>
  </wp:postmeta>
</item>
<item>
  <title><![CDATA[WhatsApp Image 2025-02-10 at 8.47.18 AM]]></title>
  <link>https://carlosbragaalberto.wordpress.com/about/whatsapp-image-2025-02-10-at-8-47-18-am/</link>
  <pubDate>Mon, 10 Feb 2025 13:48:23 +0000</pubDate>
  <dc:creator>carlosalberto1777979</dc:creator>
  <guid isPermaLink="false">http://carlosbragaalberto.files.wordpress.com/2025/02/whatsapp-image-2025-02-10-at-8.47.18-am.jpeg</guid>
  <description/>
  <content:encoded><![CDATA[]]></content:encoded>
  <excerpt:encoded><![CDATA[]]></excerpt:encoded>
  <wp:post_id>12</wp:post_id>
  <wp:post_date>2025-02-10 08:48:23</wp:post_date>
  <wp:post_date_gmt>2025-02-10 13:48:23</wp:post_date_gmt>
  <wp:post_modified>2025-02-10 08:48:23</wp:post_modified>
  <wp:post_modified_gmt>2025-02-10 13:48:23</wp:post_modified_gmt>
  <wp:comment_status>open</wp:comment_status>
  <wp:ping_status>closed</wp:ping_status>
  <wp:post_name>whatsapp-image-2025-02-10-at-8-47-18-am</wp:post_name>
  <wp:status>inherit</wp:status>
  <wp:post_parent>1</wp:post_parent>
  <wp:menu_order>0</wp:menu_order>
  <wp:post_type>attachment</wp:post_type>
  <wp:post_password/>
  <wp:is_sticky>0</wp:is_sticky>
  <wp:attachment_url>https://carlosbragaalberto.wordpress.com/wp-content/uploads/2025/02/whatsapp-image-2025-02-10-at-8.47.18-am.jpeg</wp:attachment_url>
  <wp:postmeta>
    <wp:meta_key>_wp_attached_file</wp:meta_key>
    <wp:meta_value><![CDATA[/home/wpcom/public_html/wp-content/blogs.dir/5b6/241162078/files/2025/02/whatsapp-image-2025-02-10-at-8.47.18-am.jpeg]]></wp:meta_value>
  </wp:postmeta>
  <wp:postmeta>
    <wp:meta_key>_wp_attachment_metadata</wp:meta_key>
    <wp:meta_value><![CDATA[a:6:{s:5:"width";i:284;s:6:"height";i:311;s:4:"file";s:117:"/home/wpcom/public_html/wp-content/blogs.dir/5b6/241162078/files/2025/02/whatsapp-image-2025-02-10-at-8.47.18-am.jpeg";s:8:"filesize";i:16051;s:5:"sizes";a:0:{}s:10:"image_meta";a:12:{s:8:"aperture";s:1:"0";s:6:"credit";s:0:"";s:6:"camera";s:0:"";s:7:"caption";s:0:"";s:17:"created_timestamp";s:1:"0";s:9:"copyright";s:0:"";s:12:"focal_length";s:1:"0";s:3:"iso";s:1:"0";s:13:"shutter_speed";s:1:"0";s:5:"title";s:0:"";s:11:"orientation";s:1:"0";s:8:"keywords";a:0:{}}}]]></wp:meta_value>
  </wp:postmeta>
</item>
<item>
  <title><![CDATA[]]></title>
  <link>https://carlosbragaalberto.wordpress.com/</link>
  <pubDate>Mon, 10 Feb 2025 13:52:47 +0000</pubDate>
  <dc:creator>carlosalberto1777979</dc:creator>
  <guid isPermaLink="false">https://carlosbragaalberto.wordpress.com/?page_id=14</guid>
  <description/>
  <content:encoded><![CDATA[<!-- wp:group {"metadata":{"name":"Header","categories":["header"],"patternName":"a8c/header-logo-left-menu-centered-social-right"},"align":"full","style":{"spacing":{"padding":{"top":"var:preset|spacing|30","bottom":"var:preset|spacing|30","left":"var(\u002d\u002dwp\u002d\u002dstyle\u002d\u002droot\u002d\u002dpadding-left, var(\u002d\u002dwp\u002d\u002dcustom\u002d\u002dgap\u002d\u002dhorizontal))","right":"var(\u002d\u002dwp\u002d\u002dstyle\u002d\u002droot\u002d\u002dpadding-right, var(\u002d\u002dwp\u002d\u002dcustom\u002d\u002dgap\u002d\u002dhorizontal))"},"margin":{"top":"0","bottom":"0"}}},"layout":{"type":"constrained","justifyContent":"center"}} -->
<div class="wp-block-group alignfull" style="margin-top:0;margin-bottom:0;padding-top:var(--wp--preset--spacing--30);padding-right:var(--wp--style--root--padding-right, var(--wp--custom--gap--horizontal));padding-bottom:var(--wp--preset--spacing--30);padding-left:var(--wp--style--root--padding-left, var(--wp--custom--gap--horizontal))"><!-- wp:group {"tagName":"header","metadata":{"name":"Contents"},"align":"wide","style":{"spacing":{"margin":{"top":"0","bottom":"0"},"blockGap":"var:preset|spacing|40"}},"layout":{"type":"flex","flexWrap":"nowrap","justifyContent":"space-between"}} -->
<header class="wp-block-group alignwide" style="margin-top:0;margin-bottom:0"><!-- wp:group {"className":"grow  md:grow-0","style":{"layout":{"selfStretch":"fixed","flexSize":"25%"}},"layout":{"type":"flex","flexWrap":"nowrap","justifyContent":"left"}} -->
<div class="wp-block-group grow md:grow-0"><!-- wp:site-title /--></div>
<!-- /wp:group -->

<!-- wp:navigation {"ref":23,"className":"order-1 md:order-0","style":{"layout":{"selfStretch":"fit","flexSize":null}},"layout":{"type":"flex","justifyContent":"center"}} /-->

<!-- wp:group {"className":"grow md:grow-0","style":{"spacing":{"blockGap":"var:preset|spacing|20"},"layout":{"selfStretch":"fixed","flexSize":"25%"}},"layout":{"type":"flex","flexWrap":"nowrap","justifyContent":"right"}} -->
<div class="wp-block-group grow md:grow-0"><!-- wp:social-links {"className":"is-style-logos-only","style":{"spacing":{"blockGap":{"left":"8px"}}},"layout":{"type":"flex","flexWrap":"nowrap"}} -->
<ul class="wp-block-social-links is-style-logos-only"><!-- wp:social-link {"url":"https://www.linkedin.com/in/carlos-alberto-braga-otero/","service":"linkedin"} /-->

<!-- wp:social-link {"url":"https://github.com/carlosbraga1943","service":"github"} /--></ul>
<!-- /wp:social-links --></div>
<!-- /wp:group --></header>
<!-- /wp:group --></div>
<!-- /wp:group -->

<!-- wp:media-text {"align":"full","mediaId":30,"mediaLink":"https://carlosbragaalberto.wordpress.com/sobre-mi/carlos-braga2-2/","mediaType":"image","imageFill":true} -->
<div class="wp-block-media-text alignfull is-stacked-on-mobile is-image-fill-element"><figure class="wp-block-media-text__media"><img src="https://carlosbragaalberto.wordpress.com/wp-content/uploads/2025/02/carlos-braga2-2.png?w=683" alt="" class="wp-image-30 size-full" style="object-position:50% 50%" /></figure><div class="wp-block-media-text__content"><!-- wp:cover {"overlayColor":"background","isUserOverlayColor":true,"minHeight":95,"minHeightUnit":"vh","className":"is-light"} -->
<div class="wp-block-cover is-light" style="min-height:95vh"><span aria-hidden="true" class="wp-block-cover__background has-background-background-color has-background-dim-100 has-background-dim"></span><div class="wp-block-cover__inner-container"><!-- wp:image {"id":20,"sizeSlug":"large","linkDestination":"none","align":"center","className":"is-resized is-style-rounded"} -->
<figure class="wp-block-image aligncenter size-large is-resized is-style-rounded"><img src="https://carlosbragaalberto.wordpress.com/wp-content/uploads/2025/02/carlos-braga-1.jpeg?w=284" alt="" class="wp-image-20" /></figure>
<!-- /wp:image -->

<!-- wp:heading {"textAlign":"center","level":1,"textColor":"foreground"} -->
<h1 class="wp-block-heading has-text-align-center has-foreground-color has-text-color"><strong>Carlos Braga</strong></h1>
<!-- /wp:heading -->

<!-- wp:paragraph {"align":"center","backgroundColor":"background","textColor":"foreground"} -->
<p class="has-text-align-center has-foreground-color has-background-background-color has-text-color has-background">Soy estudiantes apasionado por el marketing y publicidad con solidos conocimientos en estrategias digitales , análisis de mercado y creación de contenido creativos. Me destaco por mi capacidad para trabajar en equipo ,resolver problemas y comunicar ideas de manera efectiva.</p>
<!-- /wp:paragraph -->

<!-- wp:social-links {"align":"center","className":"is-style-default"} -->
<ul class="wp-block-social-links aligncenter is-style-default"><!-- wp:social-link {"url":"https://www.instagram.com/carlosbraga.__/?igsh=MWJwbnBiajc5bzN5ZQ%3D%3D\u0026amp;utm_source=qr#","service":"instagram"} /-->

<!-- wp:social-link {"url":"https://www.linkedin.com/in/carlos-alberto-braga-otero/","service":"linkedin"} /-->

<!-- wp:social-link {"url":"https://github.com/carlosbraga1943","service":"chain"} /--></ul>
<!-- /wp:social-links --></div></div>
<!-- /wp:cover --></div></div>
<!-- /wp:media-text -->]]></content:encoded>
  <excerpt:encoded><![CDATA[]]></excerpt:encoded>
  <wp:post_id>14</wp:post_id>
  <wp:post_date>2025-02-10 08:52:47</wp:post_date>
  <wp:post_date_gmt>2025-02-10 13:52:47</wp:post_date_gmt>
  <wp:post_modified>2025-02-10 09:53:04</wp:post_modified>
  <wp:post_modified_gmt>2025-02-10 14:53:04</wp:post_modified_gmt>
  <wp:comment_status>closed</wp:comment_status>
  <wp:ping_status>closed</wp:ping_status>
  <wp:post_name>sobre-mi</wp:post_name>
  <wp:status>publish</wp:status>
  <wp:post_parent>0</wp:post_parent>
  <wp:menu_order>0</wp:menu_order>
  <wp:post_type>page</wp:post_type>
  <wp:post_password/>
  <wp:is_sticky>0</wp:is_sticky>
  <wp:postmeta>
    <wp:meta_key>_tft_homepage_template</wp:meta_key>
    <wp:meta_value><![CDATA[pub/baker]]></wp:meta_value>
  </wp:postmeta>
  <wp:postmeta>
    <wp:meta_key>_publicize_pending</wp:meta_key>
    <wp:meta_value><![CDATA[1]]></wp:meta_value>
  </wp:postmeta>
  <wp:postmeta>
    <wp:meta_key>_elasticsearch_data_sharing_indexed_on</wp:meta_key>
    <wp:meta_value><![CDATA[2025-02-10 13:52:48]]></wp:meta_value>
  </wp:postmeta>
  <wp:postmeta>
    <wp:meta_key>_g_feedback_shortcode_b9a7885849647da882b61895bfda0d8307a9172e</wp:meta_key>
    <wp:meta_value><![CDATA[
				[contact-field label="Name" type="name"  required="true" /]
				[contact-field label="Email" type="email" required="true" /]
				[contact-field label="Website" type="url" /]
				[contact-field label="Message" type="textarea" /]]]></wp:meta_value>
  </wp:postmeta>
  <wp:postmeta>
    <wp:meta_key>_g_feedback_shortcode_atts_b9a7885849647da882b61895bfda0d8307a9172e</wp:meta_key>
    <wp:meta_value><![CDATA[a:17:{s:2:"to";s:30:"carlosalberto1777979@gmail.com";s:7:"subject";s:15:"[Carlos Braga] ";s:12:"show_subject";s:2:"no";s:6:"widget";i:0;s:14:"block_template";N;s:19:"block_template_part";N;s:2:"id";i:14;s:18:"submit_button_text";s:6:"Submit";s:14:"customThankyou";s:0:"";s:21:"customThankyouHeading";s:26:"Your message has been sent";s:21:"customThankyouMessage";s:30:"Thank you for your submission!";s:22:"customThankyouRedirect";s:0:"";s:10:"jetpackCRM";b:1;s:9:"className";N;s:9:"postToUrl";N;s:14:"salesforceData";N;s:12:"hiddenFields";N;}]]></wp:meta_value>
  </wp:postmeta>
  <wp:postmeta>
    <wp:meta_key>_last_editor_used_jetpack</wp:meta_key>
    <wp:meta_value><![CDATA[block-editor]]></wp:meta_value>
  </wp:postmeta>
</item>
<item>
  <title><![CDATA[Blog]]></title>
  <link>https://carlosbragaalberto.wordpress.com/blog/</link>
  <pubDate>Mon, 10 Feb 2025 13:52:47 +0000</pubDate>
  <dc:creator>carlosalberto1777979</dc:creator>
  <guid isPermaLink="false">https://carlosbragaalberto.wordpress.com/blog/</guid>
  <description/>
  <content:encoded><![CDATA[]]></content:encoded>
  <excerpt:encoded><![CDATA[]]></excerpt:encoded>
  <wp:post_id>16</wp:post_id>
  <wp:post_date>2025-02-10 08:52:47</wp:post_date>
  <wp:post_date_gmt>2025-02-10 13:52:47</wp:post_date_gmt>
  <wp:post_modified>2025-02-10 08:52:47</wp:post_modified>
  <wp:post_modified_gmt>2025-02-10 13:52:47</wp:post_modified_gmt>
  <wp:comment_status>closed</wp:comment_status>
  <wp:ping_status>closed</wp:ping_status>
  <wp:post_name>blog</wp:post_name>
  <wp:status>publish</wp:status>
  <wp:post_parent>0</wp:post_parent>
  <wp:menu_order>0</wp:menu_order>
  <wp:post_type>page</wp:post_type>
  <wp:post_password/>
  <wp:is_sticky>0</wp:is_sticky>
  <wp:postmeta>
    <wp:meta_key>_tft_posts_page</wp:meta_key>
    <wp:meta_value><![CDATA[1]]></wp:meta_value>
  </wp:postmeta>
  <wp:postmeta>
    <wp:meta_key>_publicize_pending</wp:meta_key>
    <wp:meta_value><![CDATA[1]]></wp:meta_value>
  </wp:postmeta>
  <wp:postmeta>
    <wp:meta_key>_elasticsearch_data_sharing_indexed_on</wp:meta_key>
    <wp:meta_value><![CDATA[2025-02-10 13:52:48]]></wp:meta_value>
  </wp:postmeta>
</item>
<item>
  <title><![CDATA[WhatsApp Image 2025-02-10 at 8.47.18 AM]]></title>
  <link>https://carlosbragaalberto.wordpress.com/sobre-mi/whatsapp-image-2025-02-10-at-8-47-18-am-2/</link>
  <pubDate>Mon, 10 Feb 2025 13:59:27 +0000</pubDate>
  <dc:creator>carlosalberto1777979</dc:creator>
  <guid isPermaLink="false">http://carlosbragaalberto.files.wordpress.com/2025/02/whatsapp-image-2025-02-10-at-8.47.18-am-1.jpeg</guid>
  <description/>
  <content:encoded><![CDATA[]]></content:encoded>
  <excerpt:encoded><![CDATA[]]></excerpt:encoded>
  <wp:post_id>18</wp:post_id>
  <wp:post_date>2025-02-10 08:59:27</wp:post_date>
  <wp:post_date_gmt>2025-02-10 13:59:27</wp:post_date_gmt>
  <wp:post_modified>2025-02-10 08:59:27</wp:post_modified>
  <wp:post_modified_gmt>2025-02-10 13:59:27</wp:post_modified_gmt>
  <wp:comment_status>open</wp:comment_status>
  <wp:ping_status>closed</wp:ping_status>
  <wp:post_name>whatsapp-image-2025-02-10-at-8-47-18-am-2</wp:post_name>
  <wp:status>inherit</wp:status>
  <wp:post_parent>14</wp:post_parent>
  <wp:menu_order>0</wp:menu_order>
  <wp:post_type>attachment</wp:post_type>
  <wp:post_password/>
  <wp:is_sticky>0</wp:is_sticky>
  <wp:attachment_url>https://carlosbragaalberto.wordpress.com/wp-content/uploads/2025/02/whatsapp-image-2025-02-10-at-8.47.18-am-1.jpeg</wp:attachment_url>
  <wp:postmeta>
    <wp:meta_key>_wp_attached_file</wp:meta_key>
    <wp:meta_value><![CDATA[/home/wpcom/public_html/wp-content/blogs.dir/5b6/241162078/files/2025/02/whatsapp-image-2025-02-10-at-8.47.18-am-1.jpeg]]></wp:meta_value>
  </wp:postmeta>
  <wp:postmeta>
    <wp:meta_key>_wp_attachment_metadata</wp:meta_key>
    <wp:meta_value><![CDATA[a:6:{s:5:"width";i:284;s:6:"height";i:311;s:4:"file";s:119:"/home/wpcom/public_html/wp-content/blogs.dir/5b6/241162078/files/2025/02/whatsapp-image-2025-02-10-at-8.47.18-am-1.jpeg";s:8:"filesize";i:16051;s:5:"sizes";a:0:{}s:10:"image_meta";a:12:{s:8:"aperture";s:1:"0";s:6:"credit";s:0:"";s:6:"camera";s:0:"";s:7:"caption";s:0:"";s:17:"created_timestamp";s:1:"0";s:9:"copyright";s:0:"";s:12:"focal_length";s:1:"0";s:3:"iso";s:1:"0";s:13:"shutter_speed";s:1:"0";s:5:"title";s:0:"";s:11:"orientation";s:1:"0";s:8:"keywords";a:0:{}}}]]></wp:meta_value>
  </wp:postmeta>
</item>
<item>
  <title><![CDATA[carlos-braga]]></title>
  <link>https://carlosbragaalberto.wordpress.com/sobre-mi/carlos-braga/</link>
  <pubDate>Mon, 10 Feb 2025 14:00:11 +0000</pubDate>
  <dc:creator>carlosalberto1777979</dc:creator>
  <guid isPermaLink="false">http://carlosbragaalberto.files.wordpress.com/2025/02/carlos-braga.jpeg</guid>
  <description/>
  <content:encoded><![CDATA[]]></content:encoded>
  <excerpt:encoded><![CDATA[]]></excerpt:encoded>
  <wp:post_id>19</wp:post_id>
  <wp:post_date>2025-02-10 09:00:11</wp:post_date>
  <wp:post_date_gmt>2025-02-10 14:00:11</wp:post_date_gmt>
  <wp:post_modified>2025-02-10 09:00:11</wp:post_modified>
  <wp:post_modified_gmt>2025-02-10 14:00:11</wp:post_modified_gmt>
  <wp:comment_status>open</wp:comment_status>
  <wp:ping_status>closed</wp:ping_status>
  <wp:post_name>carlos-braga</wp:post_name>
  <wp:status>inherit</wp:status>
  <wp:post_parent>14</wp:post_parent>
  <wp:menu_order>0</wp:menu_order>
  <wp:post_type>attachment</wp:post_type>
  <wp:post_password/>
  <wp:is_sticky>0</wp:is_sticky>
  <wp:attachment_url>https://carlosbragaalberto.wordpress.com/wp-content/uploads/2025/02/carlos-braga.jpeg</wp:attachment_url>
  <wp:postmeta>
    <wp:meta_key>_wp_attached_file</wp:meta_key>
    <wp:meta_value><![CDATA[/home/wpcom/public_html/wp-content/blogs.dir/5b6/241162078/files/2025/02/carlos-braga.jpeg]]></wp:meta_value>
  </wp:postmeta>
  <wp:postmeta>
    <wp:meta_key>_wp_attachment_metadata</wp:meta_key>
    <wp:meta_value><![CDATA[a:6:{s:5:"width";i:284;s:6:"height";i:311;s:4:"file";s:90:"/home/wpcom/public_html/wp-content/blogs.dir/5b6/241162078/files/2025/02/carlos-braga.jpeg";s:8:"filesize";i:16051;s:5:"sizes";a:0:{}s:10:"image_meta";a:12:{s:8:"aperture";s:1:"0";s:6:"credit";s:0:"";s:6:"camera";s:0:"";s:7:"caption";s:0:"";s:17:"created_timestamp";s:1:"0";s:9:"copyright";s:0:"";s:12:"focal_length";s:1:"0";s:3:"iso";s:1:"0";s:13:"shutter_speed";s:1:"0";s:5:"title";s:0:"";s:11:"orientation";s:1:"0";s:8:"keywords";a:0:{}}}]]></wp:meta_value>
  </wp:postmeta>
</item>
<item>
  <title><![CDATA[carlos-braga]]></title>
  <link>https://carlosbragaalberto.wordpress.com/sobre-mi/carlos-braga-2/</link>
  <pubDate>Mon, 10 Feb 2025 14:01:11 +0000</pubDate>
  <dc:creator>carlosalberto1777979</dc:creator>
  <guid isPermaLink="false">http://carlosbragaalberto.files.wordpress.com/2025/02/carlos-braga-1.jpeg</guid>
  <description/>
  <content:encoded><![CDATA[]]></content:encoded>
  <excerpt:encoded><![CDATA[]]></excerpt:encoded>
  <wp:post_id>20</wp:post_id>
  <wp:post_date>2025-02-10 09:01:11</wp:post_date>
  <wp:post_date_gmt>2025-02-10 14:01:11</wp:post_date_gmt>
  <wp:post_modified>2025-02-10 09:01:11</wp:post_modified>
  <wp:post_modified_gmt>2025-02-10 14:01:11</wp:post_modified_gmt>
  <wp:comment_status>open</wp:comment_status>
  <wp:ping_status>closed</wp:ping_status>
  <wp:post_name>carlos-braga-2</wp:post_name>
  <wp:status>inherit</wp:status>
  <wp:post_parent>14</wp:post_parent>
  <wp:menu_order>0</wp:menu_order>
  <wp:post_type>attachment</wp:post_type>
  <wp:post_password/>
  <wp:is_sticky>0</wp:is_sticky>
  <wp:attachment_url>https://carlosbragaalberto.wordpress.com/wp-content/uploads/2025/02/carlos-braga-1.jpeg</wp:attachment_url>
  <wp:postmeta>
    <wp:meta_key>_wp_attached_file</wp:meta_key>
    <wp:meta_value><![CDATA[/home/wpcom/public_html/wp-content/blogs.dir/5b6/241162078/files/2025/02/carlos-braga-1.jpeg]]></wp:meta_value>
  </wp:postmeta>
  <wp:postmeta>
    <wp:meta_key>_wp_attachment_metadata</wp:meta_key>
    <wp:meta_value><![CDATA[a:6:{s:5:"width";i:284;s:6:"height";i:311;s:4:"file";s:92:"/home/wpcom/public_html/wp-content/blogs.dir/5b6/241162078/files/2025/02/carlos-braga-1.jpeg";s:8:"filesize";i:16051;s:5:"sizes";a:0:{}s:10:"image_meta";a:12:{s:8:"aperture";s:1:"0";s:6:"credit";s:0:"";s:6:"camera";s:0:"";s:7:"caption";s:0:"";s:17:"created_timestamp";s:1:"0";s:9:"copyright";s:0:"";s:12:"focal_length";s:1:"0";s:3:"iso";s:1:"0";s:13:"shutter_speed";s:1:"0";s:5:"title";s:0:"";s:11:"orientation";s:1:"0";s:8:"keywords";a:0:{}}}]]></wp:meta_value>
  </wp:postmeta>
</item>
<item>
  <title><![CDATA[Beautiful tropical Maldives island, white sandy beach and sea  w]]></title>
  <link>https://carlosbragaalberto.wordpress.com/sobre-mi/beautiful-tropical-maldives-island-white-sandy-beach-and-sea-w/</link>
  <pubDate>Mon, 10 Feb 2025 14:03:23 +0000</pubDate>
  <dc:creator>carlosalberto1777979</dc:creator>
  <guid isPermaLink="false">http://carlosbragaalberto.files.wordpress.com/2025/02/carlos-braga2.jpg</guid>
  <description/>
  <content:encoded><![CDATA[]]></content:encoded>
  <excerpt:encoded><![CDATA[Beautiful tropical Maldives island, white sandy beach and sea  with palms tree around]]></excerpt:encoded>
  <wp:post_id>21</wp:post_id>
  <wp:post_date>2025-02-10 09:03:23</wp:post_date>
  <wp:post_date_gmt>2025-02-10 14:03:23</wp:post_date_gmt>
  <wp:post_modified>2025-02-10 09:03:23</wp:post_modified>
  <wp:post_modified_gmt>2025-02-10 14:03:23</wp:post_modified_gmt>
  <wp:comment_status>open</wp:comment_status>
  <wp:ping_status>closed</wp:ping_status>
  <wp:post_name>beautiful-tropical-maldives-island-white-sandy-beach-and-sea-w</wp:post_name>
  <wp:status>inherit</wp:status>
  <wp:post_parent>14</wp:post_parent>
  <wp:menu_order>0</wp:menu_order>
  <wp:post_type>attachment</wp:post_type>
  <wp:post_password/>
  <wp:is_sticky>0</wp:is_sticky>
  <wp:attachment_url>https://carlosbragaalberto.wordpress.com/wp-content/uploads/2025/02/carlos-braga2.jpg</wp:attachment_url>
  <wp:postmeta>
    <wp:meta_key>_wp_attached_file</wp:meta_key>
    <wp:meta_value><![CDATA[/home/wpcom/public_html/wp-content/blogs.dir/5b6/241162078/files/2025/02/carlos-braga2.jpg]]></wp:meta_value>
  </wp:postmeta>
  <wp:postmeta>
    <wp:meta_key>_wp_attachment_metadata</wp:meta_key>
    <wp:meta_value><![CDATA[a:6:{s:5:"width";i:5161;s:6:"height";i:7737;s:4:"file";s:90:"/home/wpcom/public_html/wp-content/blogs.dir/5b6/241162078/files/2025/02/carlos-braga2.jpg";s:8:"filesize";i:18775072;s:5:"sizes";a:0:{}s:10:"image_meta";a:12:{s:8:"aperture";s:1:"9";s:6:"credit";s:0:"";s:6:"camera";s:9:"ILCE-7RM2";s:7:"caption";s:85:"Beautiful tropical Maldives island, white sandy beach and sea  with palms tree around";s:17:"created_timestamp";s:10:"1475682304";s:9:"copyright";s:0:"";s:12:"focal_length";s:2:"24";s:3:"iso";s:3:"100";s:13:"shutter_speed";s:7:"0.00125";s:5:"title";s:64:"Beautiful tropical Maldives island, white sandy beach and sea  w";s:11:"orientation";s:1:"1";s:8:"keywords";a:46:{i:0;s:10:"background";i:1;s:3:"bay";i:2;s:5:"beach";i:3;s:6:"beauty";i:4;s:4:"blue";i:5;s:4:"calm";i:6;s:9:"caribbean";i:7;s:5:"coast";i:8;s:9:"coastline";i:9;s:7:"coconut";i:10;s:3:"day";i:11;s:6:"exotic";i:12;s:7:"idyllic";i:13;s:6:"island";i:14;s:6:"lagoon";i:15;s:9:"landscape";i:16;s:8:"maldives";i:17;s:6:"nature";i:18;s:5:"ocean";i:19;s:7:"pacific";i:20;s:4:"palm";i:21;s:8:"paradise";i:22;s:10:"recreation";i:23;s:5:"relax";i:24;s:10:"relaxation";i:25;s:6:"resort";i:26;s:6:"ripple";i:27;s:4:"sand";i:28;s:7:"scenery";i:29;s:6:"scenic";i:30;s:3:"sea";i:31;s:8:"seascape";i:32;s:5:"shore";i:33;s:3:"sky";i:34;s:6:"summer";i:35;s:8:"sunlight";i:36;s:7:"tourism";i:37;s:8:"tranquil";i:38;s:6:"travel";i:39;s:5:"trees";i:40;s:6:"tropic";i:41;s:8:"tropical";i:42;s:9:"turquoise";i:43;s:8:"unspoilt";i:44;s:9:"untouched";i:45;s:8:"vacation";}}}]]></wp:meta_value>
  </wp:postmeta>
</item>
<item>
  <title><![CDATA[Navigation]]></title>
  <link>https://carlosbragaalberto.wordpress.com/2025/02/10/navigation/</link>
  <pubDate>Mon, 10 Feb 2025 14:17:20 +0000</pubDate>
  <dc:creator>carlosalberto1777979</dc:creator>
  <guid isPermaLink="false">https://carlosbragaalberto.wordpress.com/2025/02/10/navigation/</guid>
  <description/>
  <content:encoded><![CDATA[<!-- wp:navigation-link {"label":"Inicio","type":"page","id":1,"url":"https://carlosbragaalberto.wordpress.com/about/","kind":"post-type"} /-->

<!-- wp:navigation-link {"label":"Sobre mi","type":"page","id":16,"url":"https://carlosbragaalberto.wordpress.com/blog/","kind":"post-type"} /-->

<!-- wp:navigation-link {"label":"Linkedin","type":"page","id":14,"url":"https://www.linkedin.com/in/carlos-alberto-braga-otero/","kind":"post-type"} /-->

<!-- wp:navigation-link {"label":"Curriculum","type":"page","url":"https://github.com/carlosbraga1943/CV/blob/main/carlos-braga-cv-2025.pdf","kind":"post-type"} /-->

<!-- wp:navigation-link {"label":"Blog","type":"page","url":"https://gol-de-oro-ec.blogspot.com/","kind":"post-type"} /-->

<!-- wp:navigation-link {"label":"Contacto","type":"page","url":"Contacto","kind":"post-type"} /-->]]></content:encoded>
  <excerpt:encoded><![CDATA[]]></excerpt:encoded>
  <wp:post_id>23</wp:post_id>
  <wp:post_date>2025-02-10 09:17:20</wp:post_date>
  <wp:post_date_gmt>2025-02-10 14:17:20</wp:post_date_gmt>
  <wp:post_modified>2025-02-10 09:29:07</wp:post_modified>
  <wp:post_modified_gmt>2025-02-10 14:29:07</wp:post_modified_gmt>
  <wp:comment_status>closed</wp:comment_status>
  <wp:ping_status>closed</wp:ping_status>
  <wp:post_name>navigation</wp:post_name>
  <wp:status>publish</wp:status>
  <wp:post_parent>0</wp:post_parent>
  <wp:menu_order>0</wp:menu_order>
  <wp:post_type>wp_navigation</wp:post_type>
  <wp:post_password/>
  <wp:is_sticky>0</wp:is_sticky>
  <wp:postmeta>
    <wp:meta_key>_publicize_pending</wp:meta_key>
    <wp:meta_value><![CDATA[1]]></wp:meta_value>
  </wp:postmeta>
</item>
<item>
  <title><![CDATA[carlos-braga2 (2)]]></title>
  <link>https://carlosbragaalberto.wordpress.com/sobre-mi/carlos-braga2-2/</link>
  <pubDate>Mon, 10 Feb 2025 14:36:01 +0000</pubDate>
  <dc:creator>carlosalberto1777979</dc:creator>
  <guid isPermaLink="false">http://carlosbragaalberto.files.wordpress.com/2025/02/carlos-braga2-2.png</guid>
  <description/>
  <content:encoded><![CDATA[]]></content:encoded>
  <excerpt:encoded><![CDATA[]]></excerpt:encoded>
  <wp:post_id>30</wp:post_id>
  <wp:post_date>2025-02-10 09:36:01</wp:post_date>
  <wp:post_date_gmt>2025-02-10 14:36:01</wp:post_date_gmt>
  <wp:post_modified>2025-02-10 09:36:01</wp:post_modified>
  <wp:post_modified_gmt>2025-02-10 14:36:01</wp:post_modified_gmt>
  <wp:comment_status>open</wp:comment_status>
  <wp:ping_status>closed</wp:ping_status>
  <wp:post_name>carlos-braga2-2</wp:post_name>
  <wp:status>inherit</wp:status>
  <wp:post_parent>14</wp:post_parent>
  <wp:menu_order>0</wp:menu_order>
  <wp:post_type>attachment</wp:post_type>
  <wp:post_password/>
  <wp:is_sticky>0</wp:is_sticky>
  <wp:attachment_url>https://carlosbragaalberto.wordpress.com/wp-content/uploads/2025/02/carlos-braga2-2.png</wp:attachment_url>
  <wp:postmeta>
    <wp:meta_key>_wp_attached_file</wp:meta_key>
    <wp:meta_value><![CDATA[/home/wpcom/public_html/wp-content/blogs.dir/5b6/241162078/files/2025/02/carlos-braga2-2.png]]></wp:meta_value>
  </wp:postmeta>
  <wp:postmeta>
    <wp:meta_key>_wp_attachment_metadata</wp:meta_key>
    <wp:meta_value><![CDATA[a:6:{s:5:"width";i:2020;s:6:"height";i:3030;s:4:"file";s:92:"/home/wpcom/public_html/wp-content/blogs.dir/5b6/241162078/files/2025/02/carlos-braga2-2.png";s:8:"filesize";i:3666586;s:5:"sizes";a:0:{}s:10:"image_meta";a:12:{s:8:"aperture";s:1:"0";s:6:"credit";s:0:"";s:6:"camera";s:0:"";s:7:"caption";s:0:"";s:17:"created_timestamp";s:1:"0";s:9:"copyright";s:0:"";s:12:"focal_length";s:1:"0";s:3:"iso";s:1:"0";s:13:"shutter_speed";s:1:"0";s:5:"title";s:0:"";s:11:"orientation";s:1:"0";s:8:"keywords";a:0:{}}}]]></wp:meta_value>
  </wp:postmeta>
</item>
<item>
  <title><![CDATA[carlos-braga]]></title>
  <link>https://carlosbragaalberto.wordpress.com/about/carlos-braga-3/</link>
  <pubDate>Mon, 10 Feb 2025 14:38:00 +0000</pubDate>
  <dc:creator>carlosalberto1777979</dc:creator>
  <guid isPermaLink="false">http://carlosbragaalberto.files.wordpress.com/2025/02/carlos-braga-2.jpeg</guid>
  <description/>
  <content:encoded><![CDATA[]]></content:encoded>
  <excerpt:encoded><![CDATA[]]></excerpt:encoded>
  <wp:post_id>33</wp:post_id>
  <wp:post_date>2025-02-10 09:38:00</wp:post_date>
  <wp:post_date_gmt>2025-02-10 14:38:00</wp:post_date_gmt>
  <wp:post_modified>2025-02-10 09:38:00</wp:post_modified>
  <wp:post_modified_gmt>2025-02-10 14:38:00</wp:post_modified_gmt>
  <wp:comment_status>open</wp:comment_status>
  <wp:ping_status>closed</wp:ping_status>
  <wp:post_name>carlos-braga-3</wp:post_name>
  <wp:status>inherit</wp:status>
  <wp:post_parent>1</wp:post_parent>
  <wp:menu_order>0</wp:menu_order>
  <wp:post_type>attachment</wp:post_type>
  <wp:post_password/>
  <wp:is_sticky>0</wp:is_sticky>
  <wp:attachment_url>https://carlosbragaalberto.wordpress.com/wp-content/uploads/2025/02/carlos-braga-2.jpeg</wp:attachment_url>
  <wp:postmeta>
    <wp:meta_key>_wp_attached_file</wp:meta_key>
    <wp:meta_value><![CDATA[/home/wpcom/public_html/wp-content/blogs.dir/5b6/241162078/files/2025/02/carlos-braga-2.jpeg]]></wp:meta_value>
  </wp:postmeta>
  <wp:postmeta>
    <wp:meta_key>_wp_attachment_metadata</wp:meta_key>
    <wp:meta_value><![CDATA[a:6:{s:5:"width";i:284;s:6:"height";i:311;s:4:"file";s:92:"/home/wpcom/public_html/wp-content/blogs.dir/5b6/241162078/files/2025/02/carlos-braga-2.jpeg";s:8:"filesize";i:16051;s:5:"sizes";a:0:{}s:10:"image_meta";a:12:{s:8:"aperture";s:1:"0";s:6:"credit";s:0:"";s:6:"camera";s:0:"";s:7:"caption";s:0:"";s:17:"created_timestamp";s:1:"0";s:9:"copyright";s:0:"";s:12:"focal_length";s:1:"0";s:3:"iso";s:1:"0";s:13:"shutter_speed";s:1:"0";s:5:"title";s:0:"";s:11:"orientation";s:1:"0";s:8:"keywords";a:0:{}}}]]></wp:meta_value>
  </wp:postmeta>
</item>
<item>
  <title><![CDATA[contacto]]></title>
  <link>https://carlosbragaalberto.wordpress.com/contacto/</link>
  <pubDate>Mon, 10 Feb 2025 18:30:57 +0000</pubDate>
  <dc:creator>carlosalberto1777979</dc:creator>
  <guid isPermaLink="false">https://carlosbragaalberto.wordpress.com/?page_id=45</guid>
  <description/>
  <content:encoded><![CDATA[<!-- wp:group {"align":"full","className":"alignfull","style":{"spacing":{"padding":{"top":"var:preset|spacing|50","bottom":"var:preset|spacing|50"}}},"layout":{"type":"constrained"}} -->
<div class="wp-block-group alignfull" style="padding-top:var(--wp--preset--spacing--50);padding-bottom:var(--wp--preset--spacing--50)"><!-- wp:columns {"align":"wide","style":{"spacing":{"blockGap":{"top":"var:preset|spacing|20","left":"var:preset|spacing|20"}}}} -->
<div class="wp-block-columns alignwide"><!-- wp:column {"width":"50%","style":{"spacing":{"blockGap":"var:preset|spacing|20"}}} -->
<div class="wp-block-column" style="flex-basis:50%"><!-- wp:heading -->
<h2 class="wp-block-heading">contacto</h2>
<!-- /wp:heading -->

<!-- wp:image {"id":47,"sizeSlug":"large","linkDestination":"none"} -->
<figure class="wp-block-image size-large"><img src="https://carlosbragaalberto.wordpress.com/wp-content/uploads/2025/02/carlosbraga.jepg_.jpg?w=1024" alt="" class="wp-image-47" /></figure>
<!-- /wp:image --></div>
<!-- /wp:column -->

<!-- wp:column {"width":"50%"} -->
<div class="wp-block-column" style="flex-basis:50%"><!-- wp:paragraph -->
<p>Espero que se encuentre bien. Me gustaría agradecerle por su interés en conocer más sobre mi trayectoria profesional. Como marketero con 22 años de experiencia, he tenido la oportunidad de trabajar en diversos proyectos, desarrollando estrategias digitales, gestionando campañas publicitarias y optimizando la presencia online de diferentes marcas.</p>
<!-- /wp:paragraph -->

<!-- wp:spacer {"height":"var:preset|spacing|20"} -->
<div style="height:var(--wp--preset--spacing--20)" aria-hidden="true" class="wp-block-spacer"></div>
<!-- /wp:spacer -->

<!-- wp:jetpack/contact-form {"subject":"Contact form submission","to":"","className":"is-style-default"} -->
<div class="wp-block-jetpack-contact-form is-style-default"><!-- wp:jetpack/field-name {"label":"Nombre","required":true,"width":50,"borderRadius":5} /-->

<!-- wp:jetpack/field-name {"label":"Apellido","required":true,"width":50,"borderRadius":5} /-->

<!-- wp:jetpack/field-email {"required":true,"borderRadius":5} /-->

<!-- wp:jetpack/field-textarea {"label":"Mensaje","borderRadius":5} /-->

<!-- wp:jetpack/button {"element":"button","text":"enviar","width":"","align":"center","lock":{"remove":true}} /--></div>
<!-- /wp:jetpack/contact-form --></div>
<!-- /wp:column --></div>
<!-- /wp:columns -->

<!-- wp:spacer {"height":"var:preset|spacing|20"} -->
<div style="height:var(--wp--preset--spacing--20)" aria-hidden="true" class="wp-block-spacer"></div>
<!-- /wp:spacer -->

<!-- wp:group {"metadata":{"name":"Fullwidth Map"},"align":"full","style":{"elements":{"link":{"color":{"text":"var:preset|color|background"}}},"spacing":{"padding":{"top":"0","bottom":"0","left":"var:preset|spacing|40","right":"var:preset|spacing|40"}}},"backgroundColor":"foreground","textColor":"background","layout":{"type":"default"}} -->
<div class="wp-block-group alignfull has-background-color has-foreground-background-color has-text-color has-background has-link-color" style="padding-top:0;padding-right:var(--wp--preset--spacing--40);padding-bottom:0;padding-left:var(--wp--preset--spacing--40)"><!-- wp:image {"id":49,"sizeSlug":"large","linkDestination":"none"} -->
<figure class="wp-block-image size-large"><img src="https://carlosbragaalberto.wordpress.com/wp-content/uploads/2025/02/cordillera-mapa.png?w=1024" alt="" class="wp-image-49" /></figure>
<!-- /wp:image --></div>
<!-- /wp:group --></div>
<!-- /wp:group -->]]></content:encoded>
  <excerpt:encoded><![CDATA[]]></excerpt:encoded>
  <wp:post_id>45</wp:post_id>
  <wp:post_date>2025-02-10 13:30:57</wp:post_date>
  <wp:post_date_gmt>2025-02-10 18:30:57</wp:post_date_gmt>
  <wp:post_modified>2025-02-10 13:30:57</wp:post_modified>
  <wp:post_modified_gmt>2025-02-10 18:30:57</wp:post_modified_gmt>
  <wp:comment_status>closed</wp:comment_status>
  <wp:ping_status>closed</wp:ping_status>
  <wp:post_name>contacto</wp:post_name>
  <wp:status>publish</wp:status>
  <wp:post_parent>0</wp:post_parent>
  <wp:menu_order>0</wp:menu_order>
  <wp:post_type>page</wp:post_type>
  <wp:post_password/>
  <wp:is_sticky>0</wp:is_sticky>
  <wp:postmeta>
    <wp:meta_key>_g_feedback_shortcode_ffc73d1f65938b0a3a05fefa854f6c92d8d1f665</wp:meta_key>
    <wp:meta_value><![CDATA[
				[contact-field label="Name" type="name"  required="true" /]
				[contact-field label="Email" type="email" required="true" /]
				[contact-field label="Website" type="url" /]
				[contact-field label="Message" type="textarea" /]]]></wp:meta_value>
  </wp:postmeta>
  <wp:postmeta>
    <wp:meta_key>_g_feedback_shortcode_atts_ffc73d1f65938b0a3a05fefa854f6c92d8d1f665</wp:meta_key>
    <wp:meta_value><![CDATA[a:17:{s:2:"to";s:30:"carlosalberto1777979@gmail.com";s:7:"subject";s:15:"[Carlos Braga] ";s:12:"show_subject";s:2:"no";s:6:"widget";i:0;s:14:"block_template";N;s:19:"block_template_part";N;s:2:"id";i:45;s:18:"submit_button_text";s:6:"Submit";s:14:"customThankyou";s:0:"";s:21:"customThankyouHeading";s:26:"Your message has been sent";s:21:"customThankyouMessage";s:30:"Thank you for your submission!";s:22:"customThankyouRedirect";s:0:"";s:10:"jetpackCRM";b:1;s:9:"className";N;s:9:"postToUrl";N;s:14:"salesforceData";N;s:12:"hiddenFields";N;}]]></wp:meta_value>
  </wp:postmeta>
  <wp:postmeta>
    <wp:meta_key>_last_editor_used_jetpack</wp:meta_key>
    <wp:meta_value><![CDATA[block-editor]]></wp:meta_value>
  </wp:postmeta>
  <wp:postmeta>
    <wp:meta_key>_publicize_pending</wp:meta_key>
    <wp:meta_value><![CDATA[1]]></wp:meta_value>
  </wp:postmeta>
  <wp:postmeta>
    <wp:meta_key>advanced_seo_description</wp:meta_key>
    <wp:meta_value><![CDATA[]]></wp:meta_value>
  </wp:postmeta>
  <wp:postmeta>
    <wp:meta_key>jetpack_seo_html_title</wp:meta_key>
    <wp:meta_value><![CDATA[]]></wp:meta_value>
  </wp:postmeta>
  <wp:postmeta>
    <wp:meta_key>jetpack_seo_noindex</wp:meta_key>
    <wp:meta_value><![CDATA[]]></wp:meta_value>
  </wp:postmeta>
  <wp:postmeta>
    <wp:meta_key>_jetpack_post_was_ever_published</wp:meta_key>
    <wp:meta_value><![CDATA[]]></wp:meta_value>
  </wp:postmeta>
  <wp:postmeta>
    <wp:meta_key>reader_suggested_tags</wp:meta_key>
    <wp:meta_value><![CDATA[]]></wp:meta_value>
  </wp:postmeta>
  <wp:postmeta>
    <wp:meta_key>_starter_page_template</wp:meta_key>
    <wp:meta_value><![CDATA[contact]]></wp:meta_value>
  </wp:postmeta>
  <wp:postmeta>
    <wp:meta_key>_wpcom_template_layout_category</wp:meta_key>
    <wp:meta_value><![CDATA[a:1:{i:0;s:8:"featured";}]]></wp:meta_value>
  </wp:postmeta>
  <wp:postmeta>
    <wp:meta_key>footnotes</wp:meta_key>
    <wp:meta_value><![CDATA[]]></wp:meta_value>
  </wp:postmeta>
  <wp:postmeta>
    <wp:meta_key>_g_feedback_shortcode_98f2c3e6408174695044b7e0f5fc8291784fc3fb</wp:meta_key>
    <wp:meta_value><![CDATA[
<div class="wp-block-jetpack-contact-form is-style-default">[contact-field label="Nombre" required="1" width="50" borderRadius="5" type="name"/]

[contact-field label="Apellido" required="1" width="50" borderRadius="5" type="name"/]

[contact-field required="1" borderRadius="5" type="email" label="Email"/]

[contact-field label="Mensaje" borderRadius="5" type="textarea"/]

<div class="wp-block-jetpack-button aligncenter wp-block-button" style="width: ;"><button class="wp-block-button__link" style="" data-id-attr="placeholder" type="submit">enviar</button></div></div>
]]></wp:meta_value>
  </wp:postmeta>
  <wp:postmeta>
    <wp:meta_key>_g_feedback_shortcode_atts_98f2c3e6408174695044b7e0f5fc8291784fc3fb</wp:meta_key>
    <wp:meta_value><![CDATA[a:17:{s:2:"to";s:0:"";s:7:"subject";s:23:"Contact form submission";s:12:"show_subject";s:2:"no";s:6:"widget";i:0;s:14:"block_template";N;s:19:"block_template_part";N;s:2:"id";i:45;s:18:"submit_button_text";s:6:"Submit";s:14:"customThankyou";s:0:"";s:21:"customThankyouHeading";s:26:"Your message has been sent";s:21:"customThankyouMessage";s:30:"Thank you for your submission!";s:22:"customThankyouRedirect";s:0:"";s:10:"jetpackCRM";b:1;s:9:"className";s:16:"is-style-default";s:9:"postToUrl";N;s:14:"salesforceData";N;s:12:"hiddenFields";N;}]]></wp:meta_value>
  </wp:postmeta>
  <wp:postmeta>
    <wp:meta_key>_elasticsearch_data_sharing_indexed_on</wp:meta_key>
    <wp:meta_value><![CDATA[2025-02-10 17:39:28]]></wp:meta_value>
  </wp:postmeta>
</item>
<item>
  <title><![CDATA[Businesswoman looking important contact on phone]]></title>
  <link>https://carlosbragaalberto.wordpress.com/contacto/businesswoman-looking-important-contact-on-phone/</link>
  <pubDate>Mon, 10 Feb 2025 17:32:05 +0000</pubDate>
  <dc:creator>carlosalberto1777979</dc:creator>
  <guid isPermaLink="false">http://carlosbragaalberto.files.wordpress.com/2025/02/carlosbraga.jepg_.jpg</guid>
  <description/>
  <content:encoded><![CDATA[]]></content:encoded>
  <excerpt:encoded><![CDATA[Close up image of modern cellphone in womans hand at desk with laptop. Office worker boring at workplace and playing games, writing in social networks. Businesswoman looking important contact on phone]]></excerpt:encoded>
  <wp:post_id>47</wp:post_id>
  <wp:post_date>2025-02-10 12:32:05</wp:post_date>
  <wp:post_date_gmt>2025-02-10 17:32:05</wp:post_date_gmt>
  <wp:post_modified>2025-02-10 12:32:05</wp:post_modified>
  <wp:post_modified_gmt>2025-02-10 17:32:05</wp:post_modified_gmt>
  <wp:comment_status>open</wp:comment_status>
  <wp:ping_status>closed</wp:ping_status>
  <wp:post_name>businesswoman-looking-important-contact-on-phone</wp:post_name>
  <wp:status>inherit</wp:status>
  <wp:post_parent>45</wp:post_parent>
  <wp:menu_order>0</wp:menu_order>
  <wp:post_type>attachment</wp:post_type>
  <wp:post_password/>
  <wp:is_sticky>0</wp:is_sticky>
  <wp:attachment_url>https://carlosbragaalberto.wordpress.com/wp-content/uploads/2025/02/carlosbraga.jepg_.jpg</wp:attachment_url>
  <wp:postmeta>
    <wp:meta_key>_wp_attached_file</wp:meta_key>
    <wp:meta_value><![CDATA[/home/wpcom/public_html/wp-content/blogs.dir/5b6/241162078/files/2025/02/carlosbraga.jepg_.jpg]]></wp:meta_value>
  </wp:postmeta>
  <wp:postmeta>
    <wp:meta_key>_wp_attachment_metadata</wp:meta_key>
    <wp:meta_value><![CDATA[a:6:{s:5:"width";i:5410;s:6:"height";i:3607;s:4:"file";s:94:"/home/wpcom/public_html/wp-content/blogs.dir/5b6/241162078/files/2025/02/carlosbraga.jepg_.jpg";s:8:"filesize";i:7427651;s:5:"sizes";a:0:{}s:10:"image_meta";a:12:{s:8:"aperture";s:1:"4";s:6:"credit";s:0:"";s:6:"camera";s:20:"Canon EOS 5D Mark II";s:7:"caption";s:200:"Close up image of modern cellphone in womans hand at desk with laptop. Office worker boring at workplace and playing games, writing in social networks. Businesswoman looking important contact on phone";s:17:"created_timestamp";s:10:"1488621591";s:9:"copyright";s:0:"";s:12:"focal_length";s:2:"82";s:3:"iso";s:3:"400";s:13:"shutter_speed";s:5:"0.004";s:5:"title";s:48:"Businesswoman looking important contact on phone";s:11:"orientation";s:1:"0";s:8:"keywords";a:50:{i:0;s:3:"app";i:1;s:8:"browsing";i:2;s:8:"business";i:3;s:13:"businesswoman";i:4;s:4:"cell";i:5;s:9:"cellphone";i:6;s:4:"chat";i:7;s:7:"closeup";i:8;s:13:"communication";i:9;s:10:"connection";i:10;s:7:"contact";i:11;s:4:"desk";i:12;s:6:"device";i:13;s:7:"dialing";i:14;s:5:"email";i:15;s:8:"employee";i:16;s:13:"entertainment";i:17;s:12:"entrepreneur";i:18;s:6:"female";i:19;s:6:"gadget";i:20;s:7:"indoors";i:21;s:8:"internet";i:22;s:3:"job";i:23;s:6:"laptop";i:24;s:7:"manager";i:25;s:5:"media";i:26;s:7:"message";i:27;s:6:"mobile";i:28;s:8:"mobility";i:29;s:7:"network";i:30;s:6:"office";i:31;s:6:"online";i:32;s:6:"people";i:33;s:6:"person";i:34;s:5:"phone";i:35;s:4:"play";i:36;s:4:"read";i:37;s:6:"search";i:38;s:5:"share";i:39;s:5:"smart";i:40;s:10:"smartphone";i:41;s:3:"sms";i:42;s:6:"social";i:43;s:7:"texting";i:44;s:6:"typing";i:45;s:5:"using";i:46;s:5:"woman";i:47;s:4:"work";i:48;s:6:"worker";i:49;s:5:"write";}}}]]></wp:meta_value>
  </wp:postmeta>
</item>
<item>
  <title><![CDATA[cordillera mapa]]></title>
  <link>https://carlosbragaalberto.wordpress.com/contacto/cordillera-mapa/</link>
  <pubDate>Mon, 10 Feb 2025 18:30:39 +0000</pubDate>
  <dc:creator>carlosalberto1777979</dc:creator>
  <guid isPermaLink="false">http://carlosbragaalberto.files.wordpress.com/2025/02/cordillera-mapa.png</guid>
  <description/>
  <content:encoded><![CDATA[]]></content:encoded>
  <excerpt:encoded><![CDATA[]]></excerpt:encoded>
  <wp:post_id>49</wp:post_id>
  <wp:post_date>2025-02-10 13:30:39</wp:post_date>
  <wp:post_date_gmt>2025-02-10 18:30:39</wp:post_date_gmt>
  <wp:post_modified>2025-02-10 13:30:39</wp:post_modified>
  <wp:post_modified_gmt>2025-02-10 18:30:39</wp:post_modified_gmt>
  <wp:comment_status>open</wp:comment_status>
  <wp:ping_status>closed</wp:ping_status>
  <wp:post_name>cordillera-mapa</wp:post_name>
  <wp:status>inherit</wp:status>
  <wp:post_parent>45</wp:post_parent>
  <wp:menu_order>0</wp:menu_order>
  <wp:post_type>attachment</wp:post_type>
  <wp:post_password/>
  <wp:is_sticky>0</wp:is_sticky>
  <wp:attachment_url>https://carlosbragaalberto.wordpress.com/wp-content/uploads/2025/02/cordillera-mapa.png</wp:attachment_url>
  <wp:postmeta>
    <wp:meta_key>_wp_attached_file</wp:meta_key>
    <wp:meta_value><![CDATA[/home/wpcom/public_html/wp-content/blogs.dir/5b6/241162078/files/2025/02/cordillera-mapa.png]]></wp:meta_value>
  </wp:postmeta>
  <wp:postmeta>
    <wp:meta_key>_wp_attachment_metadata</wp:meta_key>
    <wp:meta_value><![CDATA[a:6:{s:5:"width";i:1920;s:6:"height";i:890;s:4:"file";s:92:"/home/wpcom/public_html/wp-content/blogs.dir/5b6/241162078/files/2025/02/cordillera-mapa.png";s:8:"filesize";i:800258;s:5:"sizes";a:0:{}s:10:"image_meta";a:12:{s:8:"aperture";s:1:"0";s:6:"credit";s:0:"";s:6:"camera";s:0:"";s:7:"caption";s:0:"";s:17:"created_timestamp";s:1:"0";s:9:"copyright";s:0:"";s:12:"focal_length";s:1:"0";s:3:"iso";s:1:"0";s:13:"shutter_speed";s:1:"0";s:5:"title";s:0:"";s:11:"orientation";s:1:"0";s:8:"keywords";a:0:{}}}]]></wp:meta_value>
  </wp:postmeta>
</item>
  </channel>
</rss>
